model,threshold,auc,logloss,accuracy,precision,recall,f1,mcc,tn,fp,fn,tp
Gradient Boosting,0.05,0.7134517299767646,0.4969845311191343,0.29189,0.2523349657820417,0.9947460595446584,0.40255477839744186,0.12197822132652128,5333,70685,126,23856
Gradient Boosting,0.06,0.7134517299767646,0.4969845311191343,0.33275,0.2625362504027823,0.9852389291968977,0.4145954150253112,0.15959998883520993,9647,66371,354,23628
Gradient Boosting,0.07,0.7134517299767646,0.4969845311191343,0.3519,0.26742013398350273,0.9787340505379034,0.4200655010111495,0.17318511149593507,11718,64300,510,23472
Gradient Boosting,0.08,0.7134517299767646,0.4969845311191343,0.37134,0.2724857818241393,0.9709365357351347,0.4255455243247195,0.1854327950968869,13849,62169,697,23285
Gradient Boosting,0.09,0.7134517299767646,0.4969845311191343,0.39287,0.2782935161823823,0.9612626136268868,0.43162733221617877,0.1979595874986094,16234,59784,929,23053
Gradient Boosting,0.1,0.7134517299767646,0.4969845311191343,0.41282,0.28370569628135195,0.9499207739137686,0.4369198312236287,0.20750056376397383,18501,57517,1201,22781
Gradient Boosting,0.11,0.7134517299767646,0.4969845311191343,0.43329,0.28943740901536913,0.9368276207155366,0.4422420156488362,0.2164349757532906,20862,55156,1515,22467
Gradient Boosting,0.12,0.7134517299767646,0.4969845311191343,0.45842,0.2971552257266543,0.9216495705112168,0.44941238664552074,0.2288136467546044,23739,52279,1879,22103
Gradient Boosting,0.13,0.7134517299767646,0.4969845311191343,0.47747,0.3031075453038597,0.9073888749895755,0.4544192116940747,0.23647211394917758,25986,50032,2221,21761
Gradient Boosting,0.14,0.7134517299767646,0.4969845311191343,0.49502,0.3083605562140441,0.889542156617463,0.45796659653943583,0.24051437404130932,28169,47849,2649,21333
Gradient Boosting,0.15,0.7134517299767646,0.4969845311191343,0.5158,0.31494775102226263,0.867150362772079,0.462071723770164,0.2453140059351059,30784,45234,3186,20796
Gradient Boosting,0.16,0.7134517299767646,0.4969845311191343,0.53763,0.3227060529292736,0.8445500792260863,0.46697792379964265,0.25202582470520646,33509,42509,3728,20254
Gradient Boosting,0.17,0.7134517299767646,0.4969845311191343,0.55559,0.3292664608194943,0.8226169627220415,0.4702909520006675,0.2561173974897901,35831,40187,4254,19728
Gradient Boosting,0.18,0.7134517299767646,0.4969845311191343,0.57207,0.33586947037780296,0.8025602535234759,0.4735566572760712,0.26061643815325436,37960,38058,4735,19247
Gradient Boosting,0.19,0.7134517299767646,0.4969845311191343,0.58634,0.3413057766742131,0.7795012926361438,0.4747441399801915,0.26156514342249404,39940,36078,5288,18694
Gradient Boosting,0.2,0.7134517299767646,0.4969845311191343,0.60126,0.3480746434170777,0.7591109999166041,0.47729536993340677,0.26549398022882953,41921,34097,5777,18205
Gradient Boosting,0.21,0.7134517299767646,0.4969845311191343,0.61138,0.35241023606427296,0.7407639062630306,0.47760511882998175,0.26586496157264666,43373,32645,6217,17765
Gradient Boosting,0.22,0.7134517299767646,0.4969845311191343,0.62124,0.3571692915004729,0.7243766157951798,0.4784356926466538,0.2674523657728415,44752,31266,6610,17372
Gradient Boosting,0.23,0.7134517299767646,0.4969845311191343,0.62959,0.36117784628468164,0.7083646067884246,0.47842065984200965,0.26784468164407244,45971,30047,6994,16988
Gradient Boosting,0.24,0.7134517299767646,0.4969845311191343,0.63573,0.3637597705427714,0.6927695771828871,0.47703682434857514,0.2661531904297486,46959,29059,7368,16614
Gradient Boosting,0.25,0.7134517299767646,0.4969845311191343,0.64259,0.3671989700268787,0.6778834125594195,0.4763607061753718,0.26590925768229307,48002,28016,7725,16257
Gradient Boosting,0.26,0.7134517299767646,0.4969845311191343,0.65027,0.37163945530563147,0.6634559252772912,0.4764129051575717,0.2671269878671474,49116,26902,8071,15911
Gradient Boosting,0.27,0.7134517299767646,0.4969845311191343,0.6577,0.37575772270985885,0.6461929780668835,0.4751931804243837,0.26673218811428373,50273,25745,8485,15497
Gradient Boosting,0.28,0.7134517299767646,0.4969845311191343,0.66524,0.3802653483327448,0.6286381452756233,0.47387942415288864,0.2665956750626433,51448,24570,8906,15076
Gradient Boosting,0.29,0.7134517299767646,0.4969845311191343,0.67237,0.38487558014526574,0.6120423651071637,0.4725768283455947,0.2667419343709441,52559,23459,9304,14678
Gradient Boosting,0.3,0.7134517299767646,0.4969845311191343,0.68077,0.39016901330530274,0.5881494454173963,0.4691267689953935,0.26496149833837446,53972,22046,9877,14105
Gradient Boosting,0.31,0.7134517299767646,0.4969845311191343,0.6893,0.39516033605490475,0.5570010841464431,0.462326515072855,0.2599869171089287,55572,20446,10624,13358
Gradient Boosting,0.32,0.7134517299767646,0.4969845311191343,0.69875,0.40157026117609357,0.5225168876657493,0.45412868972765325,0.2551395161395922,57344,18674,11451,12531
Gradient Boosting,0.33,0.7134517299767646,0.4969845311191343,0.70997,0.4106170114287749,0.4809023434242348,0.44298911060323803,0.24999327273420902,59464,16554,12449,11533
Gradient Boosting,0.34,0.7134517299767646,0.4969845311191343,0.71984,0.4198075699745547,0.4402885497456426,0.4298042088981154,0.24436429888852496,61425,14593,13423,10559
Gradient Boosting,0.35,0.7134517299767646,0.4969845311191343,0.72876,0.43068913791582103,0.4070552914686015,0.4185388441090722,0.242012054304743,63114,12904,14220,9762
Gradient Boosting,0.36,0.7134517299767646,0.4969845311191343,0.73556,0.43992191312835527,0.3758652322575265,0.4053786652275589,0.2379087550238651,64542,11476,14968,9014
Gradient Boosting,0.37,0.7134517299767646,0.4969845311191343,0.74086,0.448606086401362,0.35159703110666335,0.3942213287203703,0.23525813055697342,65654,10364,15550,8432
Gradient Boosting,0.38,0.7134517299767646,0.4969845311191343,0.7451,0.45605548432218207,0.32628638145275624,0.38040836169178416,0.23048044749819438,66685,9333,16157,7825
Gradient Boosting,0.39,0.7134517299767646,0.4969845311191343,0.7481,0.4621980222806359,0.3079392877991827,0.36961961961961964,0.22712013907831144,67425,8593,16597,7385
Gradient Boosting,0.4,0.7134517299767646,0.4969845311191343,0.75005,0.46650796799576805,0.2941789675590026,0.36082342411456336,0.2241049845140452,67950,8068,16927,7055
Gradient Boosting,0.41,0.7134517299767646,0.4969845311191343,0.75146,0.4691611260432876,0.27658243682762074,0.34800629590766,0.21795885111249946,68513,7505,17349,6633
Gradient Boosting,0.42,0.7134517299767646,0.4969845311191343,0.75409,0.4768388225450673,0.2614043866233008,0.3376875218831641,0.21597467879093674,69140,6878,17713,6269
Gradient Boosting,0.43,0.7134517299767646,0.4969845311191343,0.75624,0.4835091243931023,0.24084730214327413,0.3215319527944778,0.21021898703203212,69848,6170,18206,5776
Gradient Boosting,0.44,0.7134517299767646,0.4969845311191343,0.75707,0.48608999016012167,0.22658660662163288,0.309092460396462,0.2046228941325767,70273,5745,18548,5434
Gradient Boosting,0.45,0.7134517299767646,0.4969845311191343,0.7582,0.4904366306027821,0.2117004419981653,0.2957418302557232,0.19945769549809278,70743,5275,18905,5077
Gradient Boosting,0.46,0.7134517299767646,0.4969845311191343,0.75961,0.49696711716505265,0.1947293803686098,0.27981665118787263,0.19395637796683657,71291,4727,19312,4670
Gradient Boosting,0.47,0.7134517299767646,0.4969845311191343,0.76104,0.5052362396492938,0.1730047535651739,0.2577498912840902,0.1859336906388833,71955,4063,19833,4149
Gradient Boosting,0.48,0.7134517299767646,0.4969845311191343,0.76176,0.5116074052306788,0.1451922275039613,0.2261920228660517,0.17202057877167398,72694,3324,20500,3482
Gradient Boosting,0.49,0.7134517299767646,0.4969845311191343,0.76228,0.5186368477103301,0.12184138103577684,0.1973257698541329,0.15955805801837042,73306,2712,21060,2922
Gradient Boosting,0.5,0.7134517299767646,0.4969845311191343,0.76301,0.5309967141292442,0.10107580685514135,0.16982520054646724,0.14914966211096445,73877,2141,21558,2424
Gradient Boosting,0.51,0.7134517299767646,0.4969845311191343,0.76275,0.5347391186807245,0.08247852556083729,0.14291391206965065,0.13537197829309122,74297,1721,22004,1978
Gradient Boosting,0.52,0.7134517299767646,0.4969845311191343,0.76228,0.5351640991292699,0.06663330831456926,0.11851082764758232,0.12135427366235853,74630,1388,22384,1598
Gradient Boosting,0.53,0.7134517299767646,0.4969845311191343,0.76184,0.5385687732342007,0.048327912601117504,0.08869671692048672,0.103764875308463,75025,993,22823,1159
Gradient Boosting,0.54,0.7134517299767646,0.4969845311191343,0.76214,0.5655957161981259,0.0352347594028855,0.06633694457528655,0.09396405402529563,75369,649,23137,845
Gradient Boosting,0.55,0.7134517299767646,0.4969845311191343,0.7617,0.576,0.0240180135101326,0.04611320150508366,0.07913222124603096,75594,424,23406,576
Gradient Boosting,0.56,0.7134517299767646,0.4969845311191343,0.76134,0.5783783783783784,0.01784671837211242,0.03462503033735135,0.06846385846081789,75706,312,23554,428
Gradient Boosting,0.57,0.7134517299767646,0.4969845311191343,0.76083,0.6025236593059937,0.007964306563255774,0.01572081155603111,0.04790381477508413,75892,126,23791,191
Gradient Boosting,0.58,0.7134517299767646,0.4969845311191343,0.76025,0.5231788079470199,0.003294137269618881,0.0065470517548584925,0.02580788481011452,75946,72,23903,79
Gradient Boosting,0.59,0.7134517299767646,0.4969845311191343,0.76024,0.5428571428571428,0.0015845217246268034,0.003159820389156827,0.01878434343983305,75986,32,23944,38
Gradient Boosting,0.6,0.7134517299767646,0.4969845311191343,0.76021,0.5428571428571428,0.0007922608623134017,0.0015822125994087522,0.013280211165126222,76002,16,23963,19
Gradient Boosting,0.61,0.7134517299767646,0.4969845311191343,0.76021,0.5882352941176471,0.0004169794012175799,0.0008333680570023751,0.010640393042065136,76011,7,23972,10
Gradient Boosting,0.62,0.7134517299767646,0.4969845311191343,0.76022,0.6428571428571429,0.0003752814610958219,0.0007501250208368062,0.011169624494091365,76013,5,23973,9
Gradient Boosting,0.63,0.7134517299767646,0.4969845311191343,0.76016,0.3333333333333333,8.339588024351597e-05,0.00016675004168751042,0.0016965289438011708,76014,4,23980,2
Gradient Boosting,0.64,0.7134517299767646,0.4969845311191343,0.76018,0.5,8.339588024351597e-05,0.00016676394563495373,0.003853999660813658,76016,2,23980,2
Gradient Boosting,0.65,0.7134517299767646,0.4969845311191343,0.76019,0.6666666666666666,8.339588024351597e-05,0.00016677089847821555,0.005475680721622144,76017,1,23980,2
Gradient Boosting,0.66,0.7134517299767646,0.4969845311191343,0.76018,0.0,0.0,0.0,0.0,76018,0,23982,0
Gradient Boosting,0.67,0.7134517299767646,0.4969845311191343,0.76018,0.0,0.0,0.0,0.0,76018,0,23982,0
Gradient Boosting,0.68,0.7134517299767646,0.4969845311191343,0.76018,0.0,0.0,0.0,0.0,76018,0,23982,0
Gradient Boosting,0.69,0.7134517299767646,0.4969845311191343,0.76018,0.0,0.0,0.0,0.0,76018,0,23982,0
Gradient Boosting,0.7,0.7134517299767646,0.4969845311191343,0.76018,0.0,0.0,0.0,0.0,76018,0,23982,0
Gradient Boosting,0.71,0.7134517299767646,0.4969845311191343,0.76018,0.0,0.0,0.0,0.0,76018,0,23982,0
Gradient Boosting,0.72,0.7134517299767646,0.4969845311191343,0.76018,0.0,0.0,0.0,0.0,76018,0,23982,0
Gradient Boosting,0.73,0.7134517299767646,0.4969845311191343,0.76018,0.0,0.0,0.0,0.0,76018,0,23982,0
Gradient Boosting,0.74,0.7134517299767646,0.4969845311191343,0.76018,0.0,0.0,0.0,0.0,76018,0,23982,0
Gradient Boosting,0.75,0.7134517299767646,0.4969845311191343,0.76018,0.0,0.0,0.0,0.0,76018,0,23982,0
Gradient Boosting,0.76,0.7134517299767646,0.4969845311191343,0.76018,0.0,0.0,0.0,0.0,76018,0,23982,0
Gradient Boosting,0.77,0.7134517299767646,0.4969845311191343,0.76018,0.0,0.0,0.0,0.0,76018,0,23982,0
Gradient Boosting,0.78,0.7134517299767646,0.4969845311191343,0.76018,0.0,0.0,0.0,0.0,76018,0,23982,0
Gradient Boosting,0.79,0.7134517299767646,0.4969845311191343,0.76018,0.0,0.0,0.0,0.0,76018,0,23982,0
Gradient Boosting,0.8,0.7134517299767646,0.4969845311191343,0.76018,0.0,0.0,0.0,0.0,76018,0,23982,0
Logistic Regression,0.05,0.7062384128155927,0.6341796878072375,0.25664,0.2438185555261605,0.9991660411975648,0.39198429576312777,0.07074793915062713,1702,74316,20,23962
Logistic Regression,0.06,0.7062384128155927,0.6341796878072375,0.25686,0.243873147695815,0.9991660411975648,0.39205484382925115,0.07125212323372981,1724,74294,20,23962
Logistic Regression,0.07,0.7062384128155927,0.6341796878072375,0.25764,0.2440564711634445,0.9990826453173213,0.3922852745669472,0.07275304788121979,1804,74214,22,23960
Logistic Regression,0.08,0.7062384128155927,0.6341796878072375,0.25874,0.2443145893246854,0.9989575514969561,0.392608980662078,0.0748007581500226,1917,74101,25,23957
Logistic Regression,0.09,0.7062384128155927,0.6341796878072375,0.25965,0.2445154506569209,0.9987490617963473,0.3928521637868114,0.07614824819927185,2013,74005,30,23952
Logistic Regression,0.1,0.7062384128155927,0.6341796878072375,0.26172,0.24501759698805042,0.998623967975982,0.3934902978821287,0.08012668755647327,2223,73795,33,23949
Logistic Regression,0.11,0.7062384128155927,0.6341796878072375,0.26313,0.2453559023330635,0.9984988741556167,0.3939167125901677,0.08262830600952274,2367,73651,36,23946
Logistic Regression,0.12,0.7062384128155927,0.6341796878072375,0.26559,0.2459393652978826,0.9982069885747644,0.39464552131158354,0.08664806239500056,2620,73398,43,23939
Logistic Regression,0.13,0.7062384128155927,0.6341796878072375,0.26819,0.24651450358081303,0.9975398215328163,0.3953332727407934,0.08985149318882818,2896,73122,59,23923
Logistic Regression,0.14,0.7062384128155927,0.6341796878072375,0.27035,0.24701738438813772,0.9971645400717205,0.3959500964459861,0.09287714822107533,3121,72897,68,23914
Logistic Regression,0.15,0.7062384128155927,0.6341796878072375,0.27327,0.24767057409077248,0.9964139771495288,0.3967293404723364,0.09630297706413436,3431,72587,86,23896
Logistic Regression,0.16,0.7062384128155927,0.6341796878072375,0.27584,0.24826403326403326,0.995871903927946,0.397447205072307,0.0995049656701713,3701,72317,99,23883
Logistic Regression,0.17,0.7062384128155927,0.6341796878072375,0.27952,0.24913361169102297,0.9952047368859979,0.39850728824030324,0.10417783252220991,4085,71933,115,23867
Logistic Regression,0.18,0.7062384128155927,0.6341796878072375,0.28351,0.24999213267457596,0.9937453089817363,0.3994870634381836,0.10765054538695255,4519,71499,150,23832
Logistic Regression,0.19,0.7062384128155927,0.6341796878072375,0.28887,0.25117467557836276,0.991910599616379,0.4008459082139036,0.11248999673455716,5099,70919,194,23788
Logistic Regression,0.2,0.7062384128155927,0.6341796878072375,0.29581,0.25273952908852754,0.9896172129096823,0.40264664715612675,0.11874830006839962,5848,70170,249,23733
Logistic Regression,0.21,0.7062384128155927,0.6341796878072375,0.30325,0.2544891840484864,0.9874906179634726,0.4046856176146413,0.12577837503863382,6643,69375,300,23682
Logistic Regression,0.22,0.7062384128155927,0.6341796878072375,0.31029,0.25610694885667507,0.9849470436160453,0.40651218022080143,0.13143006165852011,7408,68610,361,23621
Logistic Regression,0.23,0.7062384128155927,0.6341796878072375,0.31792,0.2578674200118258,0.9819864898674006,0.40847122489332915,0.13715186448974842,8242,67776,432,23550
Logistic Regression,0.24,0.7062384128155927,0.6341796878072375,0.32695,0.2599647618097803,0.9782336752564423,0.41076822061720286,0.14348609865115103,9235,66783,522,23460
Logistic Regression,0.25,0.7062384128155927,0.6341796878072375,0.33702,0.2624031443009545,0.9743557668251188,0.4134581357491684,0.15083196637005175,10335,65683,615,23367
Logistic Regression,0.26,0.7062384128155927,0.6341796878072375,0.34697,0.26493042518574145,0.9709365357351347,0.416275598222985,0.1584423265233207,11412,64606,697,23285
Logistic Regression,0.27,0.7062384128155927,0.6341796878072375,0.35804,0.2677907379605035,0.9668918355433241,0.4194190210903303,0.16646482807032567,12616,63402,794,23188
Logistic Regression,0.28,0.7062384128155927,0.6341796878072375,0.37009,0.270818400799013,0.9610541239262781,0.42256180846480335,0.17353842618031756,13961,62057,934,23048
Logistic Regression,0.29,0.7062384128155927,0.6341796878072375,0.38191,0.27378631487040866,0.954507547327162,0.4255188631019323,0.17966823508157717,15300,60718,1091,22891
Logistic Regression,0.3,0.7062384128155927,0.6341796878072375,0.39439,0.27706334791989173,0.947794178967559,0.42878297695739526,0.18642009189014816,16709,59309,1252,22730
Logistic Regression,0.31,0.7062384128155927,0.6341796878072375,0.40658,0.2804653934983982,0.9418313735301476,0.43222090397642465,0.19362511517742004,18071,57947,1395,22587
Logistic Regression,0.32,0.7062384128155927,0.6341796878072375,0.41981,0.2841962440242959,0.93453423400884,0.4358488181013778,0.2007421367722552,19569,56449,1570,22412
Logistic Regression,0.33,0.7062384128155927,0.6341796878072375,0.43235,0.2877930686275779,0.92694520890668,0.4392195603852803,0.20699918803665054,21005,55013,1752,22230
Logistic Regression,0.34,0.7062384128155927,0.6341796878072375,0.44594,0.2917340473476313,0.9177299641397715,0.44273012552301255,0.21310521073570546,22585,53433,1973,22009
Logistic Regression,0.35,0.7062384128155927,0.6341796878072375,0.4616,0.2966741120069732,0.9083062296722542,0.4472619756483174,0.22132739599484932,24377,51641,2199,21783
Logistic Regression,0.36,0.7062384128155927,0.6341796878072375,0.47672,0.30120346733245434,0.895421566174631,0.45077459171249845,0.22656386677049734,26198,49820,2508,21474
Logistic Regression,0.37,0.7062384128155927,0.6341796878072375,0.49012,0.3053817993139431,0.8834959552998082,0.45387943961269867,0.2311452339637394,27824,48194,2794,21188
Logistic Regression,0.38,0.7062384128155927,0.6341796878072375,0.5027,0.3093362163443026,0.870944875323159,0.4565264906452177,0.23475411687620995,29383,46635,3095,20887
Logistic Regression,0.39,0.7062384128155927,0.6341796878072375,0.51401,0.3128753211608921,0.8581436077057794,0.4585612584810437,0.23720777927443223,30821,45197,3402,20580
Logistic Regression,0.4,0.7062384128155927,0.6341796878072375,0.52743,0.31757974762912455,0.8448002668668168,0.4616243435068412,0.24174804374388847,32483,43535,3722,20260
Logistic Regression,0.41,0.7062384128155927,0.6341796878072375,0.54108,0.3222744970798183,0.8283295805187224,0.46401625750391257,0.2447966351365243,34243,41775,4117,19865
Logistic Regression,0.42,0.7062384128155927,0.6341796878072375,0.55353,0.3267144079024603,0.8123175715119673,0.46600246384958555,0.2473243509784979,35872,40146,4501,19481
Logistic Regression,0.43,0.7062384128155927,0.6341796878072375,0.56647,0.3313130257589216,0.7932199149362021,0.46740131942652857,0.2488222384134485,37624,38394,4959,19023
Logistic Regression,0.44,0.7062384128155927,0.6341796878072375,0.57895,0.33614220357678887,0.7751230089233592,0.4689277650946609,0.25092450677511857,39306,36712,5393,18589
Logistic Regression,0.45,0.7062384128155927,0.6341796878072375,0.59079,0.3411541851872691,0.7584855308147778,0.47062780559113077,0.25364481161227415,40889,35129,5792,18190
Logistic Regression,0.46,0.7062384128155927,0.6341796878072375,0.60184,0.3457025920873124,0.7396380618797431,0.471178876905913,0.2545685598646974,42446,33572,6244,17738
Logistic Regression,0.47,0.7062384128155927,0.6341796878072375,0.61377,0.35120632533181567,0.7204987073638562,0.47222639756220874,0.2567278387991183,44098,31920,6703,17279
Logistic Regression,0.48,0.7062384128155927,0.6341796878072375,0.62529,0.3567651368742965,0.7004836961054124,0.4727518327259424,0.2583750452375317,45730,30288,7183,16799
Logistic Regression,0.49,0.7062384128155927,0.6341796878072375,0.63587,0.361634870105296,0.6773830372779585,0.4715324441606316,0.25765054884737826,47342,28676,7737,16245
Logistic Regression,0.5,0.7062384128155927,0.6341796878072375,0.64498,0.36630767802432457,0.6580768910015845,0.47064086124116544,0.25774373902990205,48716,27302,8200,15782
Logistic Regression,0.51,0.7062384128155927,0.6341796878072375,0.65356,0.3711385061638869,0.6402301726294721,0.4698861549761293,0.258349620581675,50002,26016,8628,15354
Logistic Regression,0.52,0.7062384128155927,0.6341796878072375,0.66167,0.3756029801742644,0.6201317654907847,0.4678421441716344,0.2574708973879992,51295,24723,9110,14872
Logistic Regression,0.53,0.7062384128155927,0.6341796878072375,0.66967,0.3802302500992457,0.599074305729297,0.46519986400505126,0.25627724962253606,52600,23418,9615,14367
Logistic Regression,0.54,0.7062384128155927,0.6341796878072375,0.67856,0.38620266577435725,0.5775164706863481,0.46287012900207203,0.2563588290978422,54006,22012,10132,13850
Logistic Regression,0.55,0.7062384128155927,0.6341796878072375,0.68672,0.3921102103160616,0.5566258026853473,0.46010409126943097,0.2562501945082974,55323,20695,10633,13349
Logistic Regression,0.56,0.7062384128155927,0.6341796878072375,0.69449,0.3976568098962391,0.5321491118338754,0.4551761034329024,0.2541296049880628,56687,19331,11220,12762
Logistic Regression,0.57,0.7062384128155927,0.6341796878072375,0.70266,0.4045723007498839,0.5084229839045951,0.4505912786400591,0.2534353994119755,58073,17945,11789,12193
Logistic Regression,0.58,0.7062384128155927,0.6341796878072375,0.70919,0.41004833644991706,0.4846134600950713,0.44422360248447207,0.2507405265020833,59297,16721,12360,11622
Logistic Regression,0.59,0.7062384128155927,0.6341796878072375,0.71496,0.41521673916304186,0.4617212909682262,0.4372359328726555,0.2477245535559017,60423,15595,12909,11073
Logistic Regression,0.6,0.7062384128155927,0.6341796878072375,0.71989,0.419833658323053,0.43991326828454674,0.4296389810836676,0.24425042341287412,61439,14579,13432,10550
Logistic Regression,0.61,0.7062384128155927,0.6341796878072375,0.72442,0.42453785768549,0.4194395796847636,0.42197331990938836,0.24107257792518005,62383,13635,13923,10059
Logistic Regression,0.62,0.7062384128155927,0.6341796878072375,0.72898,0.4303509241896598,0.4019264448336252,0.41565329883570507,0.23973570370745823,63259,12759,14343,9639
Logistic Regression,0.63,0.7062384128155927,0.6341796878072375,0.7333,0.4361095265259555,0.38253690267700774,0.4075703052112488,0.23728113966785805,64156,11862,14808,9174
Logistic Regression,0.64,0.7062384128155927,0.6341796878072375,0.73813,0.44252723765834334,0.35397381369360353,0.393327927719217,0.23129978940935675,65324,10694,15493,8489
Logistic Regression,0.65,0.7062384128155927,0.6341796878072375,0.74231,0.44947695787390446,0.3314569260278542,0.3815489476084191,0.22759955139490362,66282,9736,16033,7949
Logistic Regression,0.66,0.7062384128155927,0.6341796878072375,0.74583,0.4557563051119196,0.30818947543991326,0.3677205900644295,0.22250104332282358,67192,8826,16591,7391
Logistic Regression,0.67,0.7062384128155927,0.6341796878072375,0.74935,0.46330057607590647,0.28504711867233756,0.35294421354260785,0.21775794658946318,68099,7919,17146,6836
Logistic Regression,0.68,0.7062384128155927,0.6341796878072375,0.7523,0.4709482377230497,0.2663247435576683,0.3402407841466013,0.2144181794138901,68843,7175,17595,6387
Logistic Regression,0.69,0.7062384128155927,0.6341796878072375,0.75422,0.47637170948303204,0.25052122425152196,0.32835984041099636,0.2104705097746725,69414,6604,17974,6008
Logistic Regression,0.7,0.7062384128155927,0.6341796878072375,0.75545,0.4797915064513373,0.2341339337836711,0.31469805240297044,0.20461354857245884,69930,6088,18367,5615
Logistic Regression,0.71,0.7062384128155927,0.6341796878072375,0.75664,0.483803074670571,0.22045700942373447,0.3028931538241192,0.2001513492903758,70377,5641,18695,5287
Logistic Regression,0.72,0.7062384128155927,0.6341796878072375,0.75869,0.4924064825196208,0.20144274872821283,0.2859172017873524,0.1951142721245585,71038,4980,19151,4831
Logistic Regression,0.73,0.7062384128155927,0.6341796878072375,0.75981,0.49790842283776143,0.18363772829622216,0.26831571572181434,0.18828957519701894,71577,4441,19578,4404
Logistic Regression,0.74,0.7062384128155927,0.6341796878072375,0.76079,0.5038700672503489,0.16558252022350095,0.24925462134764462,0.1808845275098511,72108,3910,20011,3971
Logistic Regression,0.75,0.7062384128155927,0.6341796878072375,0.76077,0.5041814316087881,0.14831957301309315,0.22921029738698973,0.17058179073784205,72520,3498,20425,3557
Logistic Regression,0.76,0.7062384128155927,0.6341796878072375,0.76117,0.5081508315494813,0.12867984321574513,0.20535684578273167,0.15979974149816362,73031,2987,20896,3086
Logistic Regression,0.77,0.7062384128155927,0.6341796878072375,0.762,0.5175879396984925,0.11166708364606788,0.18370146796542736,0.15196049342619478,73522,2496,21304,2678
Logistic Regression,0.78,0.7062384128155927,0.6341796878072375,0.76208,0.5208974923009239,0.0987407222083229,0.16601233875490745,0.14366229527503474,73840,2178,21614,2368
Logistic Regression,0.79,0.7062384128155927,0.6341796878072375,0.76218,0.5243783520234032,0.08969226920190143,0.15318330722119355,0.13783625699756677,74067,1951,21831,2151
Logistic Regression,0.8,0.7062384128155927,0.6341796878072375,0.76208,0.5263742365352582,0.07905929447085314,0.13747099767981438,0.12973099741855615,74312,1706,22086,1896
