model,threshold,auc,logloss,accuracy,precision,recall,f1,mcc,tn,fp,fn,tp,backend,fit_seconds
Logistic Regression,0.05,0.7099992933275905,0.6329333000580667,0.25921527441929676,0.24444911579998424,0.9990573467293511,0.392790375282359,0.07612119385275858,6855,258786,79,83727,logistic_regression,2513.501235799995
Logistic Regression,0.06,0.7099992933275905,0.6329333000580667,0.2595672591265628,0.24452499313616105,0.9989618881702981,0.3928809423248393,0.07659060698901692,6986,258655,87,83719,logistic_regression,2513.501235799995
Logistic Regression,0.07,0.7099992933275905,0.6329333000580667,0.2600852203624584,0.24464537773868217,0.9988902942510083,0.39303077323955893,0.07748010706012913,7173,258468,93,83713,logistic_regression,2513.501235799995
Logistic Regression,0.08,0.7099992933275905,0.6329333000580667,0.2610009529342075,0.24486393035480786,0.9988067680118369,0.39330628469668955,0.07915437421929106,7500,258141,100,83706,logistic_regression,2513.501235799995
Logistic Regression,0.09,0.7099992933275905,0.6329333000580667,0.2628095247634119,0.24529656757144908,0.9986397155334941,0.39385119284317627,0.08236505301918576,8146,257495,114,83692,logistic_regression,2513.501235799995
Logistic Regression,0.1,0.7099992933275905,0.6329333000580667,0.26506737788563073,0.24583676107650723,0.9984130014557431,0.39452950024282946,0.08617536267740225,8954,256687,133,83673,logistic_regression,2513.501235799995
Logistic Regression,0.11,0.7099992933275905,0.6329333000580667,0.26817800696529087,0.2465825710385977,0.9980788964990573,0.39546313084631335,0.09114044177352697,10069,255572,161,83645,logistic_regression,2513.501235799995
Logistic Regression,0.12,0.7099992933275905,0.6329333000580667,0.27096812964483885,0.24723805918951527,0.997637400663437,0.3962708602899705,0.09507052325577714,11081,254560,198,83608,logistic_regression,2513.501235799995
Logistic Regression,0.13,0.7099992933275905,0.6329333000580667,0.274078758724499,0.24795159198620645,0.9969691907500656,0.3971338601390292,0.09891144208003558,12224,253417,254,83552,logistic_regression,2513.501235799995
Logistic Regression,0.14,0.7099992933275905,0.6329333000580667,0.2782653735759643,0.24892354484732823,0.9960981313987065,0.39830997743137564,0.10397569608047814,13760,251881,327,83479,logistic_regression,2513.501235799995
Logistic Regression,0.15,0.7099992933275905,0.6329333000580667,0.28408027540657094,0.25026569076596994,0.9947020499725556,0.3999136483569201,0.11036343692193513,15909,249732,444,83362,logistic_regression,2513.501235799995
Logistic Regression,0.16,0.7099992933275905,0.6329333000580667,0.2899123472228979,0.2515992502569684,0.9930553898288905,0.4014800306812097,0.11608476008712239,18085,247556,582,83224,logistic_regression,2513.501235799995
Logistic Regression,0.17,0.7099992933275905,0.6329333000580667,0.29628241192512744,0.25311451042028377,0.991551917523805,0.40328263464916964,0.12264503286526542,20437,245204,708,83098,logistic_regression,2513.501235799995
Logistic Regression,0.18,0.7099992933275905,0.6329333000580667,0.3025523183773219,0.2545772648444574,0.9896666109825072,0.40497948003056633,0.12823419793639007,22786,242855,866,82940,logistic_regression,2513.501235799995
Logistic Regression,0.19,0.7099992933275905,0.6329333000580667,0.30806674545782337,0.2558281146644082,0.9875784550032217,0.40638410700081506,0.13239357510909802,24888,240753,1041,82765,logistic_regression,2513.501235799995
Logistic Regression,0.2,0.7099992933275905,0.6329333000580667,0.3142593869742765,0.2572925622718154,0.9855380283034627,0.40805497779248945,0.13745848225451412,27223,238418,1212,82594,logistic_regression,2513.501235799995
Logistic Regression,0.21,0.7099992933275905,0.6329333000580667,0.32141354769106617,0.25907756708003093,0.9836885187218098,0.41013611669419514,0.14389782302544485,29878,235763,1367,82439,logistic_regression,2513.501235799995
Logistic Regression,0.22,0.7099992933275905,0.6329333000580667,0.3287250999436252,0.2608625311275715,0.9812304608261938,0.4121531371463083,0.1495637863707786,32639,233002,1573,82233,logistic_regression,2513.501235799995
Logistic Regression,0.23,0.7099992933275905,0.6329333000580667,0.3363485736034363,0.26273209336601466,0.9784502302937738,0.41423451230200725,0.15510458878886252,35536,230105,1806,82000,logistic_regression,2513.501235799995
Logistic Regression,0.24,0.7099992933275905,0.6329333000580667,0.3440636205204223,0.2646227560418926,0.9753239624847863,0.41629678296676015,0.16027052982812723,38494,227147,2068,81738,logistic_regression,2513.501235799995
Logistic Regression,0.25,0.7099992933275905,0.6329333000580667,0.3531780212736123,0.2669085688437863,0.9716368756413621,0.41877867149410625,0.1663397196480007,41988,223653,2377,81429,logistic_regression,2513.501235799995
Logistic Regression,0.26,0.7099992933275905,0.6329333000580667,0.36364598923441893,0.2694670153792915,0.9663269932940363,0.4214185356715408,0.17208535262403024,46091,219550,2822,80984,logistic_regression,2513.501235799995
Logistic Regression,0.27,0.7099992933275905,0.6329333000580667,0.3744373252596245,0.2722988198965509,0.9617211178197265,0.4244267332285405,0.17896803107080966,50248,215393,3208,80598,logistic_regression,2513.501235799995
Logistic Regression,0.28,0.7099992933275905,0.6329333000580667,0.38595552401365585,0.27524749071909804,0.9554805145216333,0.4273789382108527,0.18496451059597963,54796,210845,3731,80075,logistic_regression,2513.501235799995
Logistic Regression,0.29,0.7099992933275905,0.6329333000580667,0.3977741975177924,0.27833012427796255,0.9486790921891034,0.43038954571044996,0.1908252385259915,59496,206145,4301,79505,logistic_regression,2513.501235799995
Logistic Regression,0.3,0.7099992933275905,0.6329333000580667,0.40988189911488726,0.28160827258421917,0.9417106173782307,0.4335639748720667,0.19694071952665532,64311,201330,4885,78921,logistic_regression,2513.501235799995
Logistic Regression,0.31,0.7099992933275905,0.6329333000580667,0.4227307717622415,0.28528403855888534,0.934742142567358,0.4371496572256061,0.20391874217221537,69385,196256,5469,78337,logistic_regression,2513.501235799995
Logistic Regression,0.32,0.7099992933275905,0.6329333000580667,0.4352505530166234,0.288953241983331,0.927487292079326,0.4406305979456248,0.2104063603414338,74368,191273,6077,77729,logistic_regression,2513.501235799995
Logistic Regression,0.33,0.7099992933275905,0.6329333000580667,0.44764728270667653,0.29257452821588115,0.9190511419230126,0.4438515308503956,0.21591158861496518,79407,186234,6784,77022,logistic_regression,2513.501235799995
Logistic Regression,0.34,0.7099992933275905,0.6329333000580667,0.459405861260792,0.2960424436949612,0.9101734959310789,0.4467690685721816,0.2205971046872956,84260,181381,7528,76278,logistic_regression,2513.501235799995
Logistic Regression,0.35,0.7099992933275905,0.6329333000580667,0.4723234138510275,0.29993993563964566,0.899744648354533,0.4499005080503456,0.22544336631138223,89648,175993,8402,75404,logistic_regression,2513.501235799995
Logistic Regression,0.36,0.7099992933275905,0.6329333000580667,0.4845169653767238,0.30380623401169893,0.8899362814118321,0.4529757241161501,0.23027524984851017,94731,170910,9224,74582,logistic_regression,2513.501235799995
Logistic Regression,0.37,0.7099992933275905,0.6329333000580667,0.49580050765924444,0.30741650233263984,0.8798415387919719,0.45563440986458137,0.23419702428872052,99520,166121,10070,73736,logistic_regression,2513.501235799995
Logistic Regression,0.38,0.7099992933275905,0.6329333000580667,0.507619181163381,0.31122005895161947,0.8680524067489201,0.458172863454435,0.23767534713580302,104638,161003,11058,72748,logistic_regression,2513.501235799995
Logistic Regression,0.39,0.7099992933275905,0.6329333000580667,0.5196582028175947,0.31536190367395717,0.856466124143856,0.46098366130606794,0.24179184674034632,109816,155825,12029,71777,logistic_regression,2513.501235799995
Logistic Regression,0.4,0.7099992933275905,0.6329333000580667,0.5308702034929474,0.319273032369817,0.8445576689019879,0.4633740760866007,0.2451075430371508,114732,150909,13027,70779,logistic_regression,2513.501235799995
Logistic Regression,0.41,0.7099992933275905,0.6329333000580667,0.5427947585756925,0.32350194010083877,0.8306803808796506,0.46565730549396156,0.24811875104565875,120062,145579,14190,69616,logistic_regression,2513.501235799995
Logistic Regression,0.42,0.7099992933275905,0.6329333000580667,0.5542728940297098,0.32771270125566293,0.8165405818199174,0.4677123914975053,0.2508200734820177,125258,140383,15375,68431,logistic_regression,2513.501235799995
Logistic Regression,0.43,0.7099992933275905,0.6329333000580667,0.5663519789839375,0.33253222959039863,0.8023888504403026,0.4702003656997416,0.25446753324564697,130665,134976,16561,67245,logistic_regression,2513.501235799995
Logistic Regression,0.44,0.7099992933275905,0.6329333000580667,0.5780361542665984,0.3372340425531915,0.7867694437152472,0.47210785963354646,0.25711966328546637,136057,129584,17870,65936,logistic_regression,2513.501235799995
Logistic Regression,0.45,0.7099992933275905,0.6329333000580667,0.5896430646135179,0.34198133220195165,0.7694437152471183,0.47350990946006477,0.25901645124320677,141565,124076,19322,64484,logistic_regression,2513.501235799995
Logistic Regression,0.46,0.7099992933275905,0.6329333000580667,0.6011097534103884,0.3467795731824973,0.7505667851943775,0.4743830011878052,0.26023932078880924,147154,118487,20904,62902,logistic_regression,2513.501235799995
Logistic Regression,0.47,0.7099992933275905,0.6329333000580667,0.6120584809713633,0.3513620621327774,0.7299716010786818,0.47438517042304307,0.2603121134419781,152706,112935,22630,61176,logistic_regression,2513.501235799995
Logistic Regression,0.48,0.7099992933275905,0.6329333000580667,0.6234736598110729,0.3568131406989989,0.7102116793547001,0.4749896255626137,0.2618520939613361,158351,107290,24286,59520,logistic_regression,2513.501235799995
Logistic Regression,0.49,0.7099992933275905,0.6329333000580667,0.6346255655364047,0.36254206169675474,0.6903682313915471,0.47542041061164453,0.2635023276895825,163911,101730,25949,57857,logistic_regression,2513.501235799995
Logistic Regression,0.5,0.7099992933275905,0.6329333000580667,0.6442178642254762,0.3677314479327836,0.6721237142925327,0.47537587084305627,0.26464256402550507,168792,96849,27478,56328,logistic_regression,2513.501235799995
Logistic Regression,0.51,0.7099992933275905,0.6329333000580667,0.6525624772855397,0.37241557137331804,0.654893444383457,0.4748182144571955,0.2651940527375575,173152,92489,28922,54884,logistic_regression,2513.501235799995
Logistic Regression,0.52,0.7099992933275905,0.6329333000580667,0.6609614619670507,0.37727781160179535,0.6358971911318999,0.47358037856571583,0.26516628046734525,177679,87962,30514,53292,logistic_regression,2513.501235799995
Logistic Regression,0.53,0.7099992933275905,0.6329333000580667,0.6691572684842051,0.3821825455623055,0.6155525857337184,0.47157496366312285,0.2645040210718814,182248,83393,32219,51587,logistic_regression,2513.501235799995
Logistic Regression,0.54,0.7099992933275905,0.6329333000580667,0.6769753353155128,0.3872611366174463,0.5958403932892633,0.46942420681551117,0.2640550852549266,186632,79009,33871,49935,logistic_regression,2513.501235799995
Logistic Regression,0.55,0.7099992933275905,0.6329333000580667,0.6841724209966032,0.3921076364345431,0.5758656898074124,0.4665445388062082,0.26298897248613456,190821,74820,35545,48261,logistic_regression,2513.501235799995
Logistic Regression,0.56,0.7099992933275905,0.6329333000580667,0.6908773004203785,0.3969216100251992,0.5563324821611818,0.46329805733591695,0.26181126918761644,194801,70840,37182,46624,logistic_regression,2513.501235799995
Logistic Regression,0.57,0.7099992933275905,0.6329333000580667,0.6973961716655173,0.4018082535135619,0.5355941102069064,0.45915423801632604,0.26005483588951694,198817,66824,38920,44886,logistic_regression,2513.501235799995
Logistic Regression,0.58,0.7099992933275905,0.6329333000580667,0.7033455717175995,0.4062361306527918,0.5133284013077822,0.4535462955641654,0.25700002809896083,202762,62879,40786,43020,logistic_regression,2513.501235799995
Logistic Regression,0.59,0.7099992933275905,0.6329333000580667,0.7094638099625981,0.41144901610017887,0.49125360952676417,0.4478236986517428,0.2546077213422009,206750,58891,42636,41170,logistic_regression,2513.501235799995
Logistic Regression,0.6,0.7099992933275905,0.6329333000580667,0.7156936531147785,0.41766774719803385,0.4704555759730807,0.44249287333617654,0.25339779721072625,210670,54971,44379,39427,logistic_regression,2513.501235799995
Logistic Regression,0.61,0.7099992933275905,0.6329333000580667,0.7211050602809582,0.4228687644765832,0.44657900388993627,0.4344005896315383,0.2496685944781562,214562,51079,46380,37426,logistic_regression,2513.501235799995
Logistic Regression,0.62,0.7099992933275905,0.6329333000580667,0.726021399525536,0.42812232754778795,0.424122377872706,0.4261129659711441,0.24618055070604444,218162,47479,48262,35544,logistic_regression,2513.501235799995
Logistic Regression,0.63,0.7099992933275905,0.6329333000580667,0.7301565044198405,0.43294725269105877,0.4040999451113285,0.41802651393586293,0.24290079732875083,221285,44356,49940,33866,logistic_regression,2513.501235799995
Logistic Regression,0.64,0.7099992933275905,0.6329333000580667,0.7340140278783335,0.437792596624932,0.3838507982722001,0.4090510280635276,0.23924733620965477,224330,41311,51637,32169,logistic_regression,2513.501235799995
Logistic Regression,0.65,0.7099992933275905,0.6329333000580667,0.7383608959298549,0.4441988141424493,0.3620385175285779,0.3989323586065439,0.23593132716121148,227677,37964,53465,30341,logistic_regression,2513.501235799995
Logistic Regression,0.66,0.7099992933275905,0.6329333000580667,0.7424015659026977,0.45079928389233037,0.3395222299119395,0.38732686744937894,0.23199286064563196,230976,34665,55352,28454,logistic_regression,2513.501235799995
Logistic Regression,0.67,0.7099992933275905,0.6329333000580667,0.7460272945539667,0.4575140932215042,0.3176383552490275,0.37495598281569126,0.22787292606803425,234077,31564,57186,26620,logistic_regression,2513.501235799995
Logistic Regression,0.68,0.7099992933275905,0.6329333000580667,0.7493954734194312,0.46473704903300694,0.2961959764217359,0.3618012082874821,0.22374962624475037,237051,28590,58983,24823,logistic_regression,2513.501235799995
Logistic Regression,0.69,0.7099992933275905,0.6329333000580667,0.7521083311632379,0.4712411499459305,0.2755888599861585,0.3477868044000392,0.2189078562670162,239726,25915,60710,23096,logistic_regression,2513.501235799995
Logistic Regression,0.7,0.7099992933275905,0.6329333000580667,0.7541258044853726,0.47673036280380415,0.2583943870367277,0.3351388996363074,0.21446737260526455,241872,23769,62151,21655,logistic_regression,2513.501235799995
Logistic Regression,0.71,0.7099992933275905,0.6329333000580667,0.7556339015644719,0.48082267926625905,0.23739350404505644,0.317854660776623,0.20685428250211196,244159,21482,63911,19895,logistic_regression,2513.501235799995
Logistic Regression,0.72,0.7099992933275905,0.6329333000580667,0.7572020935935921,0.48621394262664863,0.21862396487125027,0.30162401534295286,0.200621656894189,246280,19361,65484,18322,logistic_regression,2513.501235799995
Logistic Regression,0.73,0.7099992933275905,0.6329333000580667,0.7584755342011807,0.4912569914630556,0.19912655418466457,0.28338540959108816,0.19323299757272608,248359,17282,67118,16688,logistic_regression,2513.501235799995
Logistic Regression,0.74,0.7099992933275905,0.6329333000580667,0.7600351412374409,0.4991876388474419,0.17964107581796052,0.26420392225683326,0.18669014841029616,250537,15104,68751,15055,logistic_regression,2513.501235799995
Logistic Regression,0.75,0.7099992933275905,0.6329333000580667,0.7608764705377353,0.504493928610734,0.16409326301219482,0.24763877008958718,0.18030179105484492,252134,13507,70054,13752,logistic_regression,2513.501235799995
Logistic Regression,0.76,0.7099992933275905,0.6329333000580667,0.7616176415879947,0.5105342362678705,0.14572942271436412,0.22673770978761326,0.17187251489501343,253932,11709,71593,12213,logistic_regression,2513.501235799995
Logistic Regression,0.77,0.7099992933275905,0.6329333000580667,0.7622844093667995,0.5174619722314363,0.13030093310741475,0.20818042303329554,0.16484722134635482,255458,10183,72886,10920,logistic_regression,2513.501235799995
Logistic Regression,0.78,0.7099992933275905,0.6329333000580667,0.7625333741597439,0.5223161087639475,0.11506336061857146,0.18858293894473344,0.15625602245006032,256822,8819,74163,9643,logistic_regression,2513.501235799995
Logistic Regression,0.79,0.7099992933275905,0.6329333000580667,0.7629397304884574,0.529212531752752,0.10440779896427463,0.17440701614510665,0.15104284470545218,257857,7784,75056,8750,logistic_regression,2513.501235799995
Logistic Regression,0.8,0.7099992933275905,0.6329333000580667,0.7628681888812896,0.5324326187357827,0.09216523876572083,0.15713079653758913,0.14262237779114753,258858,6783,76082,7724,logistic_regression,2513.501235799995
HistGradientBoosting,0.05,0.7191136735615594,0.49343874205445426,0.3278923556361909,0.2615665328181428,0.9886881607522134,0.4136880838380157,0.15855813704169597,31723,233918,948,82858,hist_gradient_boosting,27.134213800003636
HistGradientBoosting,0.06,0.7191136735615594,0.49343874205445426,0.3484963385005451,0.2668591950111174,0.9824236928143569,0.4197108571312052,0.17385542315237232,39448,226193,1473,82333,hist_gradient_boosting,27.134213800003636
HistGradientBoosting,0.07,0.7191136735615594,0.49343874205445426,0.3703623153153411,0.27271756504676825,0.9751688423263251,0.42623378316709043,0.18901702645127594,47697,217944,2081,81725,hist_gradient_boosting,27.134213800003636
HistGradientBoosting,0.08,0.7191136735615594,0.49343874205445426,0.3916960225728079,0.27855359194315077,0.9663389256139179,0.43245047257969776,0.20184256596968744,55892,209749,2821,80985,hist_gradient_boosting,27.134213800003636
HistGradientBoosting,0.09,0.7191136735615594,0.49343874205445426,0.4099334090720481,0.28365522288332434,0.9573896857026943,0.4376450566863121,0.2115770481295244,63015,202626,3571,80235,hist_gradient_boosting,27.134213800003636
HistGradientBoosting,0.1,0.7191136735615594,0.49343874205445426,0.4283625270784983,0.28887521257961496,0.9465432069302914,0.44265629490330877,0.22004649568022727,70364,195277,4480,79326,hist_gradient_boosting,27.134213800003636
HistGradientBoosting,0.11,0.7191136735615594,0.49343874205445426,0.4475871877566555,0.29460300029709635,0.934742142567358,0.4480073660401529,0.22888793808152955,78071,187570,5469,78337,hist_gradient_boosting,27.134213800003636
HistGradientBoosting,0.12,0.7191136735615594,0.49343874205445426,0.4652551030628393,0.2999374919923748,0.9218194401355512,0.4526075583013302,0.23572094671409616,85328,180313,6552,77254,hist_gradient_boosting,27.134213800003636
HistGradientBoosting,0.13,0.7191136735615594,0.49343874205445426,0.4816553010900079,0.30497266795979544,0.9080256783523852,0.4565925659256593,0.24111316795637117,92215,173426,7708,76098,hist_gradient_boosting,27.134213800003636
HistGradientBoosting,0.14,0.7191136735615594,0.49343874205445426,0.49888252009603745,0.31055488240078344,0.893014819941293,0.46084595158777564,0.24692569296094072,99493,166148,8966,74840,hist_gradient_boosting,27.134213800003636
HistGradientBoosting,0.15,0.7191136735615594,0.49343874205445426,0.5169396217452146,0.3165157023080709,0.8747822351621602,0.46484142181416993,0.25183271967497745,107331,158310,10494,73312,hist_gradient_boosting,27.134213800003636
HistGradientBoosting,0.16,0.7191136735615594,0.49343874205445426,0.5329220167865227,0.32216803041906833,0.8583394983652721,0.46849264215027014,0.25655452765117565,114294,151347,11872,71934,hist_gradient_boosting,27.134213800003636
HistGradientBoosting,0.17,0.7191136735615594,0.49343874205445426,0.5508274502285039,0.32880277075727793,0.8382693363243682,0.4723363342365178,0.261403870511513,122233,143408,13554,70252,hist_gradient_boosting,27.134213800003636
HistGradientBoosting,0.18,0.7191136735615594,0.49343874205445426,0.5680117442702327,0.335376287674121,0.8161826122234684,0.47540476579359814,0.26495792067290896,130089,135552,15405,68401,hist_gradient_boosting,27.134213800003636
HistGradientBoosting,0.19,0.7191136735615594,0.49343874205445426,0.5836249846185545,0.34184581152235105,0.7955993604276543,0.47821612103868344,0.2685545497724459,137270,128371,17130,66676,hist_gradient_boosting,27.134213800003636
HistGradientBoosting,0.2,0.7191136735615594,0.49343874205445426,0.5977015112449098,0.34767771291208793,0.7731665990501874,0.4796612553391518,0.27003210004859995,144069,121572,19010,64796,hist_gradient_boosting,27.134213800003636
HistGradientBoosting,0.21,0.7191136735615594,0.49343874205445426,0.6117236662498176,0.3542039054332063,0.7519151373410018,0.4815598826190622,0.2728065852048215,150750,114891,20791,63015,hist_gradient_boosting,27.134213800003636
HistGradientBoosting,0.22,0.7191136735615594,0.49343874205445426,0.6240488543327029,0.3601314915112703,0.7307352695511061,0.48248015599456384,0.27432464183022326,156832,108809,22566,61240,hist_gradient_boosting,27.134213800003636
HistGradientBoosting,0.23,0.7191136735615594,0.49343874205445426,0.6347944037293209,0.3653467902539768,0.709245161444288,0.4822676046053112,0.2743870224156142,162388,103253,24367,59439,hist_gradient_boosting,27.134213800003636
HistGradientBoosting,0.24,0.7191136735615594,0.49343874205445426,0.6445669872684556,0.37023903589071544,0.6877073240579433,0.4813402763568336,0.27375720127043324,167608,98033,26172,57634,hist_gradient_boosting,27.134213800003636
HistGradientBoosting,0.25,0.7191136735615594,0.49343874205445426,0.6550893268507099,0.3760848731896284,0.6649404577237906,0.48043796879041295,0.2738158513987995,173193,92448,28080,55726,hist_gradient_boosting,27.134213800003636
HistGradientBoosting,0.26,0.7191136735615594,0.49343874205445426,0.665703239690139,0.38222009746908603,0.6391785790993485,0.4783771594932865,0.27289755157505324,179061,86580,30239,53567,hist_gradient_boosting,27.134213800003636
HistGradientBoosting,0.27,0.7191136735615594,0.49343874205445426,0.6747117588647206,0.387866363288202,0.6163162542061428,0.4761053218603236,0.27206362134532813,184125,81516,32155,51651,hist_gradient_boosting,27.134213800003636
HistGradientBoosting,0.28,0.7191136735615594,0.49343874205445426,0.6841094643822955,0.39389584780335146,0.588728730639811,0.47199674742305026,0.2697217635860115,189721,75920,34467,49339,hist_gradient_boosting,27.134213800003636
HistGradientBoosting,0.29,0.7191136735615594,0.49343874205445426,0.693429904964129,0.4007979040133381,0.562215115862826,0.467978387397946,0.2684330495218608,195200,70441,36689,47117,hist_gradient_boosting,27.134213800003636
HistGradientBoosting,0.3,0.7191136735615594,0.49343874205445426,0.7022581392886474,0.4076730076182656,0.5331718492709353,0.4620523134671761,0.2657454887393457,200719,64922,39123,44683,hist_gradient_boosting,27.134213800003636
HistGradientBoosting,0.31,0.7191136735615594,0.49343874205445426,0.7090631769624578,0.41323799438458775,0.507541226165191,0.4555604941709463,0.2624395550735632,205245,60396,41271,42535,hist_gradient_boosting,27.134213800003636
HistGradientBoosting,0.32,0.7191136735615594,0.49343874205445426,0.7171445169081434,0.4210432353528034,0.4784025010142472,0.44789391662803235,0.25975363238591886,210511,55130,43713,40093,hist_gradient_boosting,27.134213800003636
HistGradientBoosting,0.33,0.7191136735615594,0.49343874205445426,0.724974030396598,0.4294319446516057,0.44660286852969955,0.43784912524932296,0.25598324955386603,215912,49729,46378,37428,hist_gradient_boosting,27.134213800003636
HistGradientBoosting,0.34,0.7191136735615594,0.49343874205445426,0.7310665136630161,0.43652021967049426,0.4173209555401761,0.4267047326232568,0.25125883207937594,220495,45146,48832,34974,hist_gradient_boosting,27.134213800003636
HistGradientBoosting,0.35,0.7191136735615594,0.49343874205445426,0.7362318177005382,0.44334448341707183,0.3906283559649667,0.41532030422399413,0.2467217423819176,224537,41104,51069,32737,hist_gradient_boosting,27.134213800003636
HistGradientBoosting,0.36,0.7191136735615594,0.49343874205445426,0.7411538802736896,0.4509221931806435,0.36436531990549603,0.403049001814882,0.2423927769257959,228458,37183,53270,30536,hist_gradient_boosting,27.134213800003636
HistGradientBoosting,0.37,0.7191136735615594,0.49343874205445426,0.7445592607748814,0.4565891842871462,0.34243371596305755,0.3913568209247302,0.23774638294109762,231486,34155,55108,28698,hist_gradient_boosting,27.134213800003636
HistGradientBoosting,0.38,0.7191136735615594,0.49343874205445426,0.7472807035115483,0.46129531008417796,0.320406653461566,0.3781545741324921,0.23189316989692585,234283,31358,56954,26852,hist_gradient_boosting,27.134213800003636
HistGradientBoosting,0.39,0.7191136735615594,0.49343874205445426,0.75048576751267,0.46846360181804636,0.3000859127031478,0.36583024219943266,0.22813765023432514,237106,28535,58657,25149,hist_gradient_boosting,27.134213800003636
HistGradientBoosting,0.4,0.7191136735615594,0.49343874205445426,0.7529153204920918,0.4742671670554823,0.27896570651266017,0.3512971352581874,0.2225171151042411,239725,25916,60427,23379,hist_gradient_boosting,27.134213800003636
HistGradientBoosting,0.41,0.7191136735615594,0.49343874205445426,0.7558199097431084,0.4826239839254726,0.25221344533804263,0.33129574771555304,0.21525241555999977,242982,22659,62669,21137,hist_gradient_boosting,27.134213800003636
HistGradientBoosting,0.42,0.7191136735615594,0.49343874205445426,0.7575054300079841,0.4881355070067906,0.2290170154881512,0.31176446700507615,0.20707262111428976,245515,20126,64613,19193,hist_gradient_boosting,27.134213800003636
HistGradientBoosting,0.43,0.7191136735615594,0.49343874205445426,0.7588418272298804,0.4933844406587166,0.2073479225831086,0.2919866247710584,0.19881517948131724,247798,17843,66429,17377,hist_gradient_boosting,27.134213800003636
HistGradientBoosting,0.44,0.7191136735615594,0.49343874205445426,0.7599979396017136,0.4990216499400366,0.1886738419683555,0.2738198316766529,0.1916944816743398,249767,15874,67994,15812,hist_gradient_boosting,27.134213800003636
HistGradientBoosting,0.45,0.7191136735615594,0.49343874205445426,0.7611855302807007,0.5064151492021953,0.1662530129107701,0.2503256407262013,0.18252671883920413,252061,13580,69873,13933,hist_gradient_boosting,27.134213800003636
HistGradientBoosting,0.46,0.7191136735615594,0.49343874205445426,0.7624704175454361,0.5174742896984487,0.14169629859437272,0.2224740993311726,0.17239506678268685,254568,11073,71931,11875,hist_gradient_boosting,27.134213800003636
HistGradientBoosting,0.47,0.7191136735615594,0.49343874205445426,0.7630313037456324,0.5245764381402679,0.1270911390592559,0.20461050811641532,0.16563845735500998,255988,9653,73155,10651,hist_gradient_boosting,27.134213800003636
HistGradientBoosting,0.48,0.7191136735615594,0.49343874205445426,0.7632545135599962,0.5306413031096936,0.11117342433715963,0.1838325243676256,0.15665944768263568,257400,8241,74489,9317,hist_gradient_boosting,27.134213800003636
HistGradientBoosting,0.49,0.7191136735615594,0.49343874205445426,0.7630284420813457,0.5340621797061839,0.09326301219483092,0.15879562377464673,0.14407550394532628,258822,6819,75990,7816,hist_gradient_boosting,27.134213800003636
HistGradientBoosting,0.5,0.7191136735615594,0.49343874205445426,0.763005548767052,0.5377164213256045,0.08412285516550128,0.14548531217433475,0.13774820987791173,259580,6061,76756,7050,hist_gradient_boosting,27.134213800003636
HistGradientBoosting,0.51,0.7191136735615594,0.49343874205445426,0.7629569004741777,0.5424676686473261,0.07407584182516765,0.1303517060367454,0.1304234044434429,260405,5236,77598,6208,hist_gradient_boosting,27.134213800003636
HistGradientBoosting,0.52,0.7191136735615594,0.49343874205445426,0.7628824972027232,0.5484631147540984,0.06387370832637282,0.11442190539298464,0.12252697750590115,261234,4407,78453,5353,hist_gradient_boosting,27.134213800003636
HistGradientBoosting,0.53,0.7191136735615594,0.49343874205445426,0.7629168371741637,0.5562074630368458,0.056559196238932775,0.10267741096958669,0.11715219981504608,261859,3782,79066,4740,hist_gradient_boosting,27.134213800003636
HistGradientBoosting,0.54,0.7191136735615594,0.49343874205445426,0.7625419591526039,0.5612683360497851,0.04519962771161969,0.08366186295621446,0.10564891781975896,262680,2961,80018,3788,hist_gradient_boosting,27.134213800003636
HistGradientBoosting,0.55,0.7191136735615594,0.49343874205445426,0.7623473659811073,0.5704735376044568,0.03665608667637162,0.0688858741352827,0.0968808161337427,263328,2313,80734,3072,hist_gradient_boosting,27.134213800003636
HistGradientBoosting,0.56,0.7191136735615594,0.49343874205445426,0.7620039662667014,0.57104736490994,0.0306421974560294,0.05816336930795103,0.08857266364205614,263712,1929,81238,2568,hist_gradient_boosting,27.134213800003636
HistGradientBoosting,0.57,0.7191136735615594,0.49343874205445426,0.7615976099379878,0.572938068682125,0.023291888408944465,0.044763968674394874,0.07741253087545187,264186,1455,81854,1952,hist_gradient_boosting,27.134213800003636
HistGradientBoosting,0.58,0.7191136735615594,0.49343874205445426,0.7610825103663789,0.5778869778869778,0.014032408180798511,0.027399494414091168,0.06059723387636153,264782,859,82630,1176,hist_gradient_boosting,27.134213800003636
HistGradientBoosting,0.59,0.7191136735615594,0.49343874205445426,0.7608163755877143,0.5945945945945946,0.008400353196668497,0.016566654900576537,0.04844681440174146,265161,480,83102,704,hist_gradient_boosting,27.134213800003636
HistGradientBoosting,0.6,0.7191136735615594,0.49343874205445426,0.7605330708233294,0.6009693053311793,0.004438822995966876,0.008812555522653243,0.035630102343150276,265394,247,83434,372,hist_gradient_boosting,27.134213800003636
HistGradientBoosting,0.61,0.7191136735615594,0.49343874205445426,0.7603670942947,0.5965417867435159,0.002469990215497697,0.0049196107090656305,0.02633965055025936,265501,140,83599,207,hist_gradient_boosting,27.134213800003636
HistGradientBoosting,0.62,0.7191136735615594,0.49343874205445426,0.7602268727446508,0.59,0.0007040068730162518,0.0014063356613353039,0.01387564835258947,265600,41,83747,59,hist_gradient_boosting,27.134213800003636
HistGradientBoosting,0.63,0.7191136735615594,0.49343874205445426,0.7602039794303571,0.5925925925925926,0.00038183423621220437,0.0007631767231099451,0.010271292923016364,265619,22,83774,32,hist_gradient_boosting,27.134213800003636
HistGradientBoosting,0.64,0.7191136735615594,0.49343874205445426,0.7601868094446368,0.5666666666666667,0.00020284943798773357,0.0004055537000811107,0.007092881715730242,265628,13,83789,17,hist_gradient_boosting,27.134213800003636
HistGradientBoosting,0.65,0.7191136735615594,0.49343874205445426,0.7601868094446368,0.625,0.00011932319881631387,0.00023860084464699004,0.006104273488207885,265635,6,83796,10,hist_gradient_boosting,27.134213800003636
HistGradientBoosting,0.66,0.7191136735615594,0.49343874205445426,0.7601725011232032,0.4444444444444444,4.7729279526525546e-05,9.544830877527889e-05,0.0024320923813215497,265636,5,83802,4,hist_gradient_boosting,27.134213800003636
HistGradientBoosting,0.67,0.7191136735615594,0.49343874205445426,0.7601725011232032,0.4,2.3864639763262773e-05,4.772643209125294e-05,0.001419022802301492,265638,3,83804,2,hist_gradient_boosting,27.134213800003636
HistGradientBoosting,0.68,0.7191136735615594,0.49343874205445426,0.7601782244517766,0.6666666666666666,2.3864639763262773e-05,4.772757102459163e-05,0.002929106862911651,265640,1,83804,2,hist_gradient_boosting,27.134213800003636
HistGradientBoosting,0.69,0.7191136735615594,0.49343874205445426,0.76017536278749,0.5,1.1932319881631387e-05,2.3864070255822834e-05,0.0014577664743900124,265640,1,83805,1,hist_gradient_boosting,27.134213800003636
HistGradientBoosting,0.7,0.7191136735615594,0.49343874205445426,0.76017536278749,0.0,0.0,0.0,0.0,265641,0,83806,0,hist_gradient_boosting,27.134213800003636
HistGradientBoosting,0.71,0.7191136735615594,0.49343874205445426,0.76017536278749,0.0,0.0,0.0,0.0,265641,0,83806,0,hist_gradient_boosting,27.134213800003636
HistGradientBoosting,0.72,0.7191136735615594,0.49343874205445426,0.76017536278749,0.0,0.0,0.0,0.0,265641,0,83806,0,hist_gradient_boosting,27.134213800003636
HistGradientBoosting,0.73,0.7191136735615594,0.49343874205445426,0.76017536278749,0.0,0.0,0.0,0.0,265641,0,83806,0,hist_gradient_boosting,27.134213800003636
HistGradientBoosting,0.74,0.7191136735615594,0.49343874205445426,0.76017536278749,0.0,0.0,0.0,0.0,265641,0,83806,0,hist_gradient_boosting,27.134213800003636
HistGradientBoosting,0.75,0.7191136735615594,0.49343874205445426,0.76017536278749,0.0,0.0,0.0,0.0,265641,0,83806,0,hist_gradient_boosting,27.134213800003636
HistGradientBoosting,0.76,0.7191136735615594,0.49343874205445426,0.76017536278749,0.0,0.0,0.0,0.0,265641,0,83806,0,hist_gradient_boosting,27.134213800003636
HistGradientBoosting,0.77,0.7191136735615594,0.49343874205445426,0.76017536278749,0.0,0.0,0.0,0.0,265641,0,83806,0,hist_gradient_boosting,27.134213800003636
HistGradientBoosting,0.78,0.7191136735615594,0.49343874205445426,0.76017536278749,0.0,0.0,0.0,0.0,265641,0,83806,0,hist_gradient_boosting,27.134213800003636
HistGradientBoosting,0.79,0.7191136735615594,0.49343874205445426,0.76017536278749,0.0,0.0,0.0,0.0,265641,0,83806,0,hist_gradient_boosting,27.134213800003636
HistGradientBoosting,0.8,0.7191136735615594,0.49343874205445426,0.76017536278749,0.0,0.0,0.0,0.0,265641,0,83806,0,hist_gradient_boosting,27.134213800003636
