candidate_id_raw,model_key,model_label,evaluation_label,source_type,prediction_column,n_rows,min_prediction,max_prediction,mean_prediction,count_prediction_lt_zero,count_prediction_lt_one,raw_bias,clipping_applied,delta_mse_clipped_minus_raw,delta_rmse_clipped_minus_raw,delta_mae_clipped_minus_raw,delta_median_ae_clipped_minus_raw,delta_mape_clipped_minus_raw,delta_r2_clipped_minus_raw,clip_effect_mse,clip_effect_rmse,clip_effect_mae,clip_effect_median_ae,clip_effect_mape,clip_effect_r2
always_1__raw,always_1,Always-1 baseline,Always-1 baseline,baseline,prediction__always_1__raw,82403,1.0,1.0,1.0,0,0,-0.350752,False,,,,,,,not_applied,not_applied,not_applied,not_applied,not_applied,not_applied
train_median__raw,train_median,TRAIN-Median baseline,TRAIN-Median baseline,baseline,prediction__train_median__raw,82403,1.0,1.0,1.0,0,0,-0.350752,False,,,,,,,not_applied,not_applied,not_applied,not_applied,not_applied,not_applied
train_mean__raw,train_mean,TRAIN-Mean baseline,TRAIN-Mean baseline,baseline,prediction__train_mean__raw,82403,1.33098,1.33098,1.33098,0,0,-0.019772,False,,,,,,,not_applied,not_applied,not_applied,not_applied,not_applied,not_applied
ridge__raw,ridge,Ridge Regression,Ridge Regression,model,prediction__ridge__raw,82403,-0.456439,12.836729,1.371966,4,4052,0.021214,True,-0.002448,-0.000924,-0.004955,-0.001819,-0.469692,0.001299,improved,improved,improved,improved,improved,improved
random_forest__raw,random_forest,RandomForestRegressor,RandomForestRegressor,model,prediction__random_forest__raw,82403,1.03242,20.325824,1.356628,0,0,0.005876,False,,,,,,,not_applied,not_applied,not_applied,not_applied,not_applied,not_applied
histgb__raw,histgb,HistGradientBoostingRegressor,HistGradientBoostingRegressor,model,prediction__histgb__raw,82403,1.126014,29.700094,1.337486,0,0,-0.013266,False,,,,,,,not_applied,not_applied,not_applied,not_applied,not_applied,not_applied
histgb_log1p__raw,histgb_log1p,HistGradientBoostingRegressor (log1p target),HistGradientBoostingRegressor (log1p target),model,prediction__histgb_log1p__raw,82403,0.994689,10.105209,1.249902,0,1,-0.10085,True,-0.0,-0.0,-0.0,0.0,-6e-06,0.0,improved,improved,improved,no_change,improved,improved
lightgbm__raw,lightgbm,LightGBMRegressor,LightGBMRegressor,model,prediction__lightgbm__raw,82403,0.695306,38.753045,1.361773,0,184,0.011022,True,-0.000161,-6.2e-05,-0.000103,0.0,-0.008833,8.5e-05,improved,improved,improved,no_change,improved,improved
catboost__raw,catboost,CatBoostRegressor,CatBoostRegressor,model,prediction__catboost__raw,82403,0.966901,58.405585,1.342727,0,12,-0.008025,True,-0.0,-0.0,-2e-06,0.0,-0.000196,0.0,improved,improved,improved,no_change,improved,improved
