variant,model,feature_name,coefficient,importance,selected,mae,median_ae,rmse
SAFE_PRUNED,Lasso,day,-0.00142,0.00142,True,0.5316,0.3131,1.3738
SAFE_PRUNED,Lasso,day_7,0.00115,0.00115,True,0.5316,0.3131,1.3738
SAFE_PRUNED,Lasso,day_14,-0.006574,0.006574,True,0.5316,0.3131,1.3738
SAFE_PRUNED,Lasso,day_30,-0.001054,0.001054,True,0.5316,0.3131,1.3738
SAFE_PRUNED,Lasso,price,-0.0,0.0,False,0.5316,0.3131,1.3738
SAFE_PRUNED,Lasso,competitorPrice,7e-06,7e-06,True,0.5316,0.3131,1.3738
SAFE_PRUNED,Lasso,genericProduct,-0.0,0.0,False,0.5316,0.3131,1.3738
SAFE_PRUNED,Lasso,salesIndex,-4.3e-05,4.3e-05,True,0.5316,0.3131,1.3738
SAFE_PRUNED,Lasso,category_norm,-1.9e-05,1.9e-05,True,0.5316,0.3131,1.3738
SAFE_PRUNED,Lasso,pharmForm_norm,-6.5e-05,6.5e-05,True,0.5316,0.3131,1.3738
SAFE_PRUNED,Lasso,campaignIndex_norm,0.0,0.0,False,0.5316,0.3131,1.3738
SAFE_PRUNED,Lasso,manufacturer_freq,0.0,0.0,False,0.5316,0.3131,1.3738
SAFE_PRUNED,Lasso,group34,-0.000116,0.000116,True,0.5316,0.3131,1.3738
SAFE_PRUNED,Lasso,is_multipack,-0.0,0.0,False,0.5316,0.3131,1.3738
SAFE_PRUNED,Lasso,price_diff,-0.0,0.0,False,0.5316,0.3131,1.3738
SAFE_PRUNED,Lasso,price_discount,-0.0,0.0,False,0.5316,0.3131,1.3738
SAFE_PRUNED,Lasso,price_diff_bin,-0.0,0.0,False,0.5316,0.3131,1.3738
SAFE_PRUNED,Lasso,discount_bin,-0.0,0.0,False,0.5316,0.3131,1.3738
SAFE_PRUNED,ElasticNet,day,-0.001417,0.001417,True,0.5316,0.3174,1.3738
SAFE_PRUNED,ElasticNet,day_7,0.00351,0.00351,True,0.5316,0.3174,1.3738
SAFE_PRUNED,ElasticNet,day_14,-0.007425,0.007425,True,0.5316,0.3174,1.3738
SAFE_PRUNED,ElasticNet,day_30,-0.001057,0.001057,True,0.5316,0.3174,1.3738
SAFE_PRUNED,ElasticNet,price,-0.0,0.0,False,0.5316,0.3174,1.3738
SAFE_PRUNED,ElasticNet,competitorPrice,2.9e-05,2.9e-05,True,0.5316,0.3174,1.3738
SAFE_PRUNED,ElasticNet,genericProduct,-0.0,0.0,False,0.5316,0.3174,1.3738
SAFE_PRUNED,ElasticNet,salesIndex,-0.00031,0.00031,True,0.5316,0.3174,1.3738
SAFE_PRUNED,ElasticNet,category_norm,-1.9e-05,1.9e-05,True,0.5316,0.3174,1.3738
SAFE_PRUNED,ElasticNet,pharmForm_norm,-6.8e-05,6.8e-05,True,0.5316,0.3174,1.3738
SAFE_PRUNED,ElasticNet,campaignIndex_norm,0.0,0.0,False,0.5316,0.3174,1.3738
SAFE_PRUNED,ElasticNet,manufacturer_freq,0.0,0.0,False,0.5316,0.3174,1.3738
SAFE_PRUNED,ElasticNet,group34,-0.000665,0.000665,True,0.5316,0.3174,1.3738
SAFE_PRUNED,ElasticNet,is_multipack,-0.0,0.0,False,0.5316,0.3174,1.3738
SAFE_PRUNED,ElasticNet,price_diff,-2.1e-05,2.1e-05,True,0.5316,0.3174,1.3738
SAFE_PRUNED,ElasticNet,price_discount,-0.0,0.0,False,0.5316,0.3174,1.3738
SAFE_PRUNED,ElasticNet,price_diff_bin,-0.000152,0.000152,True,0.5316,0.3174,1.3738
SAFE_PRUNED,ElasticNet,discount_bin,-0.000212,0.000212,True,0.5316,0.3174,1.3738
SAFE_PRUNED,HistGBR,day,,0.402214,True,0.5182,0.2733,1.3773
SAFE_PRUNED,HistGBR,day_7,,0.043842,True,0.5182,0.2733,1.3773
SAFE_PRUNED,HistGBR,day_14,,0.08297,True,0.5182,0.2733,1.3773
SAFE_PRUNED,HistGBR,day_30,,0.034824,True,0.5182,0.2733,1.3773
SAFE_PRUNED,HistGBR,price,,0.05637,True,0.5182,0.2733,1.3773
SAFE_PRUNED,HistGBR,competitorPrice,,0.067235,True,0.5182,0.2733,1.3773
SAFE_PRUNED,HistGBR,genericProduct,,0.000195,False,0.5182,0.2733,1.3773
SAFE_PRUNED,HistGBR,salesIndex,,0.000308,False,0.5182,0.2733,1.3773
SAFE_PRUNED,HistGBR,category_norm,,0.060069,True,0.5182,0.2733,1.3773
SAFE_PRUNED,HistGBR,pharmForm_norm,,0.019931,True,0.5182,0.2733,1.3773
SAFE_PRUNED,HistGBR,campaignIndex_norm,,0.0,False,0.5182,0.2733,1.3773
SAFE_PRUNED,HistGBR,manufacturer_freq,,0.13475,True,0.5182,0.2733,1.3773
SAFE_PRUNED,HistGBR,group34,,0.008562,True,0.5182,0.2733,1.3773
SAFE_PRUNED,HistGBR,is_multipack,,0.002054,True,0.5182,0.2733,1.3773
SAFE_PRUNED,HistGBR,price_diff,,0.049807,True,0.5182,0.2733,1.3773
SAFE_PRUNED,HistGBR,price_discount,,0.036114,True,0.5182,0.2733,1.3773
SAFE_PRUNED,HistGBR,price_diff_bin,,0.000753,False,0.5182,0.2733,1.3773
SAFE_PRUNED,HistGBR,discount_bin,,0.0,False,0.5182,0.2733,1.3773
FULL_PRUNED,Lasso,day,0.0,0.0,False,0.5459,0.3376,1.3691
FULL_PRUNED,Lasso,day_7,0.0,0.0,False,0.5459,0.3376,1.3691
FULL_PRUNED,Lasso,day_14,-0.005387,0.005387,True,0.5459,0.3376,1.3691
FULL_PRUNED,Lasso,day_30,-0.000138,0.000138,True,0.5459,0.3376,1.3691
FULL_PRUNED,Lasso,price,-0.0,0.0,False,0.5459,0.3376,1.3691
FULL_PRUNED,Lasso,competitorPrice,4e-06,4e-06,True,0.5459,0.3376,1.3691
FULL_PRUNED,Lasso,genericProduct,-0.0,0.0,False,0.5459,0.3376,1.3691
FULL_PRUNED,Lasso,salesIndex,-3.7e-05,3.7e-05,True,0.5459,0.3376,1.3691
FULL_PRUNED,Lasso,category_norm,-2.1e-05,2.1e-05,True,0.5459,0.3376,1.3691
FULL_PRUNED,Lasso,pharmForm_norm,-7.2e-05,7.2e-05,True,0.5459,0.3376,1.3691
FULL_PRUNED,Lasso,campaignIndex_norm,0.0,0.0,False,0.5459,0.3376,1.3691
FULL_PRUNED,Lasso,manufacturer_freq,0.0,0.0,False,0.5459,0.3376,1.3691
FULL_PRUNED,Lasso,group34,-0.000257,0.000257,True,0.5459,0.3376,1.3691
FULL_PRUNED,Lasso,is_multipack,-0.0,0.0,False,0.5459,0.3376,1.3691
FULL_PRUNED,Lasso,price_diff,0.0,0.0,False,0.5459,0.3376,1.3691
FULL_PRUNED,Lasso,price_discount,-0.0,0.0,False,0.5459,0.3376,1.3691
FULL_PRUNED,Lasso,price_diff_bin,-0.0,0.0,False,0.5459,0.3376,1.3691
FULL_PRUNED,Lasso,discount_bin,-0.0,0.0,False,0.5459,0.3376,1.3691
FULL_PRUNED,Lasso,pid_total_events,-1.3e-05,1.3e-05,True,0.5459,0.3376,1.3691
FULL_PRUNED,Lasso,click_time,-0.000445,0.000445,True,0.5459,0.3376,1.3691
FULL_PRUNED,Lasso,basket_time,-0.0,0.0,False,0.5459,0.3376,1.3691
FULL_PRUNED,Lasso,order_time,0.000492,0.000492,True,0.5459,0.3376,1.3691
FULL_PRUNED,Lasso,group12_order,-0.0,0.0,False,0.5459,0.3376,1.3691
FULL_PRUNED,Lasso,group34_order,0.0,0.0,False,0.5459,0.3376,1.3691
FULL_PRUNED,Lasso,pid_prob,0.0,0.0,False,0.5459,0.3376,1.3691
FULL_PRUNED,Lasso,pid_segment,0.004518,0.004518,True,0.5459,0.3376,1.3691
FULL_PRUNED,ElasticNet,day,-0.0,0.0,False,0.5475,0.3457,1.369
FULL_PRUNED,ElasticNet,day_7,0.0,0.0,False,0.5475,0.3457,1.369
FULL_PRUNED,ElasticNet,day_14,-0.005781,0.005781,True,0.5475,0.3457,1.369
FULL_PRUNED,ElasticNet,day_30,-0.000196,0.000196,True,0.5475,0.3457,1.369
FULL_PRUNED,ElasticNet,price,-0.0,0.0,False,0.5475,0.3457,1.369
FULL_PRUNED,ElasticNet,competitorPrice,7e-06,7e-06,True,0.5475,0.3457,1.369
FULL_PRUNED,ElasticNet,genericProduct,-0.0,0.0,False,0.5475,0.3457,1.369
FULL_PRUNED,ElasticNet,salesIndex,-0.000328,0.000328,True,0.5475,0.3457,1.369
FULL_PRUNED,ElasticNet,category_norm,-2e-05,2e-05,True,0.5475,0.3457,1.369
FULL_PRUNED,ElasticNet,pharmForm_norm,-7.7e-05,7.7e-05,True,0.5475,0.3457,1.369
FULL_PRUNED,ElasticNet,campaignIndex_norm,0.0,0.0,False,0.5475,0.3457,1.369
FULL_PRUNED,ElasticNet,manufacturer_freq,0.0,0.0,False,0.5475,0.3457,1.369
FULL_PRUNED,ElasticNet,group34,-0.000803,0.000803,True,0.5475,0.3457,1.369
FULL_PRUNED,ElasticNet,is_multipack,-0.0,0.0,False,0.5475,0.3457,1.369
FULL_PRUNED,ElasticNet,price_diff,-0.0,0.0,False,0.5475,0.3457,1.369
FULL_PRUNED,ElasticNet,price_discount,-0.0,0.0,False,0.5475,0.3457,1.369
FULL_PRUNED,ElasticNet,price_diff_bin,-0.000251,0.000251,True,0.5475,0.3457,1.369
FULL_PRUNED,ElasticNet,discount_bin,-0.000267,0.000267,True,0.5475,0.3457,1.369
FULL_PRUNED,ElasticNet,pid_total_events,-6.2e-05,6.2e-05,True,0.5475,0.3457,1.369
FULL_PRUNED,ElasticNet,click_time,-0.000387,0.000387,True,0.5475,0.3457,1.369
FULL_PRUNED,ElasticNet,basket_time,4.9e-05,4.9e-05,True,0.5475,0.3457,1.369
FULL_PRUNED,ElasticNet,order_time,0.000542,0.000542,True,0.5475,0.3457,1.369
FULL_PRUNED,ElasticNet,group12_order,-0.0,0.0,False,0.5475,0.3457,1.369
FULL_PRUNED,ElasticNet,group34_order,0.0,0.0,False,0.5475,0.3457,1.369
FULL_PRUNED,ElasticNet,pid_prob,0.0,0.0,False,0.5475,0.3457,1.369
FULL_PRUNED,ElasticNet,pid_segment,0.022523,0.022523,True,0.5475,0.3457,1.369
FULL_PRUNED,HistGBR,day,,0.10733,True,0.5374,0.2783,1.3605
FULL_PRUNED,HistGBR,day_7,,0.022454,True,0.5374,0.2783,1.3605
FULL_PRUNED,HistGBR,day_14,,0.05435,True,0.5374,0.2783,1.3605
FULL_PRUNED,HistGBR,day_30,,0.0956,True,0.5374,0.2783,1.3605
FULL_PRUNED,HistGBR,price,,0.010074,True,0.5374,0.2783,1.3605
FULL_PRUNED,HistGBR,competitorPrice,,0.009893,True,0.5374,0.2783,1.3605
FULL_PRUNED,HistGBR,genericProduct,,0.000168,False,0.5374,0.2783,1.3605
FULL_PRUNED,HistGBR,salesIndex,,6.6e-05,False,0.5374,0.2783,1.3605
FULL_PRUNED,HistGBR,category_norm,,0.054321,True,0.5374,0.2783,1.3605
FULL_PRUNED,HistGBR,pharmForm_norm,,0.017402,True,0.5374,0.2783,1.3605
FULL_PRUNED,HistGBR,campaignIndex_norm,,0.0,False,0.5374,0.2783,1.3605
FULL_PRUNED,HistGBR,manufacturer_freq,,0.022061,True,0.5374,0.2783,1.3605
FULL_PRUNED,HistGBR,group34,,0.005246,True,0.5374,0.2783,1.3605
FULL_PRUNED,HistGBR,is_multipack,,0.000379,False,0.5374,0.2783,1.3605
FULL_PRUNED,HistGBR,price_diff,,0.020245,True,0.5374,0.2783,1.3605
FULL_PRUNED,HistGBR,price_discount,,0.006008,True,0.5374,0.2783,1.3605
FULL_PRUNED,HistGBR,price_diff_bin,,0.000578,False,0.5374,0.2783,1.3605
FULL_PRUNED,HistGBR,discount_bin,,5.4e-05,False,0.5374,0.2783,1.3605
FULL_PRUNED,HistGBR,pid_total_events,,0.031885,True,0.5374,0.2783,1.3605
FULL_PRUNED,HistGBR,click_time,,0.018747,True,0.5374,0.2783,1.3605
FULL_PRUNED,HistGBR,basket_time,,0.057845,True,0.5374,0.2783,1.3605
FULL_PRUNED,HistGBR,order_time,,0.0429,True,0.5374,0.2783,1.3605
FULL_PRUNED,HistGBR,group12_order,,0.140616,True,0.5374,0.2783,1.3605
FULL_PRUNED,HistGBR,group34_order,,0.108295,True,0.5374,0.2783,1.3605
FULL_PRUNED,HistGBR,pid_prob,,0.150332,True,0.5374,0.2783,1.3605
FULL_PRUNED,HistGBR,pid_segment,,0.02315,True,0.5374,0.2783,1.3605
